Blog Titles;URLs;Scope
AI will be a transformational technology for chief supply chain officers;https://www.uipath.com/blog/industry-solutions/transformational-ai-for-chief-supply-chain-officers;INDUSTRY SOLUTIONS
When IBM watsonx.ai met UiPath Connector Builder;https://www.uipath.com/blog/product-and-updates/ibm-watsonx-llm-connector-uipath-integration-service-connector-catalog;PRODUCT AND UPDATES
Navigating the future: Automation and AI’s role in efficient healthcare claims processing;https://www.uipath.com/blog/industry-solutions/automation-ai-healthcare-claims-processing;INDUSTRY SOLUTIONS
Driving innovation: The power of inclusion in the future of AI;https://www.uipath.com/blog/ai/inclusion-improves-ai-innovation;AI
What happens to telecom when automation and AI come calling?;https://www.uipath.com/blog/industry-solutions/telecom-ai-powered-automation;INDUSTRY SOLUTIONS
3 common barriers to AI adoption and how to overcome them;https://www.uipath.com/blog/ai/overcome-ai-adoption-barriers;AI
Financial services refined: Elevating customer experience through automation and AI;https://www.uipath.com/blog/industry-solutions/financial-services-improving-customer-experience;INDUSTRY SOLUTIONS
Turn AI hype into business results: Top takeaways from UiPath AI Summit 2024;https://www.uipath.com/blog/ai/top-takeaways-uipath-ai-summit-2024;AI
Delivering quality care and ROI with healthcare automation;https://www.uipath.com/blog/industry-solutions/healthcare-automation-roi;INDUSTRY SOLUTIONS
Five lessons learned in implementing AI and automation: The FY24 Q4 report from the UiPath Automation CoE;https://www.uipath.com/blog/automation/uipath-automation-coe-q4-fy24;AUTOMATION
Making the most of UiPath AI Summit 2024: How to plan your agenda;https://www.uipath.com/blog/ai/how-to-build-your-uipath-ai-summit-agenda;AI
Tomorrow’s organizations will be powered by AI, but run by people;https://www.uipath.com/blog/ai/tomorrows-organizations-powered-by-ai-run-by-people;AI
Modernizing risk management: How AI-powered automation is redefining audit and controls testing;https://www.uipath.com/blog/industry-solutions/modernizing-risk-management-redefining-audit-and-controls-testing;INDUSTRY SOLUTIONS
